{
  "version": 1,
  "author": "Antonio Rodrigues",
  "editor": "wokwi",
  "parts": [
    { "type": "wokwi-breadboard-half", "id": "bb1", "top": -31.8, "left": -141.2, "attrs": {} },
    { "type": "board-esp32-c3-devkitm-1", "id": "esp", "top": -0.3, "left": 274.62, "attrs": {} },
    {
      "type": "wokwi-led",
      "id": "led1",
      "top": 15.6,
      "left": -130.6,
      "attrs": { "color": "red" }
    },
    {
      "type": "wokwi-resistor",
      "id": "r1",
      "top": 13.55,
      "left": -105.6,
      "attrs": { "value": "1000" }
    }
  ],
  "connections": [
    [ "esp:TX", "$serialMonitor:RX", "", [] ],
    [ "esp:RX", "$serialMonitor:TX", "", [] ],
    [ "led1:A", "bb1:2t.e", "", [ "$bb" ] ],
    [ "led1:C", "bb1:1t.e", "", [ "$bb" ] ],
    [ "esp:GND.1", "bb1:tn.25", "black", [ "v0" ] ],
    [ "bb1:tn.1", "bb1:1t.a", "green", [ "h-8", "v28.7" ] ],
    [ "r1:1", "bb1:2t.a", "", [ "$bb" ] ],
    [ "r1:2", "bb1:8t.a", "", [ "$bb" ] ],
    [ "esp:5", "bb1:8t.e", "red", [ "h0" ] ]
  ],
  "dependencies": {}
}